lr,option,dropout_prob,epochs,paraphrase_detection_acccuracy,sentiment_classification_accuracy,semantic_textual_similarity_correlation
1e-05,finetune,0.3,1,0.3764100534336038,0.4468664850136239,-0.0546978561233425
1e-05,finetune,0.3,1,0.3764100534336038,0.4468664850136239,-0.0201543350758604
1e-05,finetune,0.3,2,0.3753215911339798,0.1998183469573115,-0.0279895308570054
1e-05,finetune,0.3,1,0.37547001781120126,0.14532243415077203,-0.02939464437416789
