lr,option,dropout_prob,epochs,just_simcse,use_simcse,tau,paraphrase_detection_acccuracy,sentiment_classification_accuracy,semantic_textual_similarity_correlation,overall_score
1e-05,finetune,0.3,1,F,T,0.1,0.3777458935285969,0.1444141689373297,-0.0211407984138368,1.0
1e-05,finetune,0.3,1,F,T,0.1,0.3777458935285969,0.1444141689373297,-0.0211407984138368,0.1670064213506965
1e-05,finetune,0.3,1,F,T,0.1,0.3777458935285969,0.1444141689373297,-0.0211407984138368,0.1670064213506965
1e-05,finetune,0.3,1,F,T,0.1,0.3777458935285969,0.1444141689373297,-0.0211407984138368,0.1670064213506965
1e-05,finetune,0.3,1,T,T,0.1,0.377993271323966,0.14259763851044505,-0.009270173347863491,0.17044024549551584
